Team,Player,URL
Chelsea FC,Thibaut Courtois,https://www.transfermarkt.co.uk/thibaut-courtois/profil/spieler/108390
Chelsea FC,Asmir Begovic,https://www.transfermarkt.co.uk/asmir-begovic/profil/spieler/33873
Chelsea FC,Eduardo,https://www.transfermarkt.co.uk/eduardo/profil/spieler/34159
Chelsea FC,Matej Delac,https://www.transfermarkt.co.uk/matej-delac/profil/spieler/60220
Chelsea FC,Jamal Blackman,https://www.transfermarkt.co.uk/jamal-blackman/profil/spieler/128898
Chelsea FC,César Azpilicueta,https://www.transfermarkt.co.uk/cesar-azpilicueta/profil/spieler/57500
Chelsea FC,David Luiz,https://www.transfermarkt.co.uk/david-luiz/profil/spieler/46741
Chelsea FC,Andreas Christensen,https://www.transfermarkt.co.uk/andreas-christensen/profil/spieler/196948
Chelsea FC,Gary Cahill,https://www.transfermarkt.co.uk/gary-cahill/profil/spieler/27511
Chelsea FC,Kurt Zouma,https://www.transfermarkt.co.uk/kurt-zouma/profil/spieler/157509
Chelsea FC,Nathan Aké,https://www.transfermarkt.co.uk/nathan-ake/profil/spieler/177476
Chelsea FC,Tomas Kalas,https://www.transfermarkt.co.uk/tomas-kalas/profil/spieler/148657
Chelsea FC,Michael Hector,https://www.transfermarkt.co.uk/michael-hector/profil/spieler/157490
Chelsea FC,Kenneth Omeruo,https://www.transfermarkt.co.uk/kenneth-omeruo/profil/spieler/131708
Chelsea FC,Matt Miazga,https://www.transfermarkt.co.uk/matt-miazga/profil/spieler/245893
Chelsea FC,John Terry,https://www.transfermarkt.co.uk/john-terry/profil/spieler/3160
Chelsea FC,Marcos Alonso,https://www.transfermarkt.co.uk/marcos-alonso/profil/spieler/112515
Chelsea FC,Abdul Rahman Baba,https://www.transfermarkt.co.uk/abdul-rahman-baba/profil/spieler/224884
Chelsea FC,Branislav Ivanovic,https://www.transfermarkt.co.uk/branislav-ivanovic/profil/spieler/36827
Chelsea FC,Todd Kane,https://www.transfermarkt.co.uk/todd-kane/profil/spieler/154287
Chelsea FC,Wallace Oliveira,https://www.transfermarkt.co.uk/wallace-oliveira/profil/spieler/181779
Chelsea FC,Ola Aina,https://www.transfermarkt.co.uk/ola-aina/profil/spieler/236490
Chelsea FC,N'Golo Kanté,https://www.transfermarkt.co.uk/ngolo-kante/profil/spieler/225083
Chelsea FC,Nemanja Matic,https://www.transfermarkt.co.uk/nemanja-matic/profil/spieler/74683
Chelsea FC,Nathaniel Chalobah,https://www.transfermarkt.co.uk/nathaniel-chalobah/profil/spieler/128900
Chelsea FC,Cesc Fàbregas,https://www.transfermarkt.co.uk/cesc-fabregas/profil/spieler/8806
Chelsea FC,Mario Pasalic,https://www.transfermarkt.co.uk/mario-pasalic/profil/spieler/205938
Chelsea FC,Marco van Ginkel,https://www.transfermarkt.co.uk/marco-van-ginkel/profil/spieler/147034
Chelsea FC,Lewis Baker,https://www.transfermarkt.co.uk/lewis-baker/profil/spieler/198589
Chelsea FC,Ruben Loftus-Cheek,https://www.transfermarkt.co.uk/ruben-loftus-cheek/profil/spieler/202886
Chelsea FC,Victorien Angban,https://www.transfermarkt.co.uk/victorien-angban/profil/spieler/178314
Chelsea FC,Juan Cuadrado,https://www.transfermarkt.co.uk/juan-cuadrado/profil/spieler/91970
Chelsea FC,Oscar,https://www.transfermarkt.co.uk/oscar/profil/spieler/85314
Chelsea FC,Lucas Piazón,https://www.transfermarkt.co.uk/lucas-piazon/profil/spieler/176485
Chelsea FC,Nathan,https://www.transfermarkt.co.uk/nathan/profil/spieler/294798
Chelsea FC,Danilo Pantic,https://www.transfermarkt.co.uk/danilo-pantic/profil/spieler/222830
Chelsea FC,Eden Hazard,https://www.transfermarkt.co.uk/eden-hazard/profil/spieler/50202
Chelsea FC,Willian,https://www.transfermarkt.co.uk/willian/profil/spieler/52769
Chelsea FC,Kenedy,https://www.transfermarkt.co.uk/kenedy/profil/spieler/281404
Chelsea FC,Christian Atsu,https://www.transfermarkt.co.uk/christian-atsu/profil/spieler/186997
Chelsea FC,Jérémie Boga,https://www.transfermarkt.co.uk/jeremie-boga/profil/spieler/216569
Chelsea FC,Cristian Cuevas,https://www.transfermarkt.co.uk/cristian-cuevas/profil/spieler/186863
Chelsea FC,Pedro,https://www.transfermarkt.co.uk/pedro/profil/spieler/65278
Chelsea FC,Victor Moses,https://www.transfermarkt.co.uk/victor-moses/profil/spieler/59866
Chelsea FC,Bertrand Traoré,https://www.transfermarkt.co.uk/bertrand-traore/profil/spieler/131996
Chelsea FC,Diego Costa,https://www.transfermarkt.co.uk/diego-costa/profil/spieler/44779
Chelsea FC,Michy Batshuayi,https://www.transfermarkt.co.uk/michy-batshuayi/profil/spieler/179184
Chelsea FC,Loïc Rémy,https://www.transfermarkt.co.uk/loic-remy/profil/spieler/45121
Chelsea FC,Dominic Solanke,https://www.transfermarkt.co.uk/dominic-solanke/profil/spieler/258889
Manchester City,Joe Hart,https://www.transfermarkt.co.uk/joe-hart/profil/spieler/40204
Manchester City,Claudio Bravo,https://www.transfermarkt.co.uk/claudio-bravo/profil/spieler/40423
Manchester City,Willy Caballero,https://www.transfermarkt.co.uk/willy-caballero/profil/spieler/19948
Manchester City,Angus Gunn,https://www.transfermarkt.co.uk/angus-gunn/profil/spieler/201574
Manchester City,John Stones,https://www.transfermarkt.co.uk/john-stones/profil/spieler/186590
Manchester City,Nicolás Otamendi,https://www.transfermarkt.co.uk/nicolas-otamendi/profil/spieler/54781
Manchester City,Vincent Kompany,https://www.transfermarkt.co.uk/vincent-kompany/profil/spieler/9594
Manchester City,Eliaquim Mangala,https://www.transfermarkt.co.uk/eliaquim-mangala/profil/spieler/90681
Manchester City,Tosin Adarabioyo,https://www.transfermarkt.co.uk/tosin-adarabioyo/profil/spieler/258878
Manchester City,Aleksandar Kolarov,https://www.transfermarkt.co.uk/aleksandar-kolarov/profil/spieler/46156
Manchester City,Gaël Clichy,https://www.transfermarkt.co.uk/gael-clichy/profil/spieler/7449
Manchester City,Oleksandr Zinchenko,https://www.transfermarkt.co.uk/oleksandr-zinchenko/profil/spieler/203853
Manchester City,Angeliño,https://www.transfermarkt.co.uk/angelino/profil/spieler/277179
Manchester City,Jesús Navas,https://www.transfermarkt.co.uk/jesus-navas/profil/spieler/15956
Manchester City,Pablo Zabaleta,https://www.transfermarkt.co.uk/pablo-zabaleta/profil/spieler/20007
Manchester City,Bacary Sagna,https://www.transfermarkt.co.uk/bacary-sagna/profil/spieler/26764
Manchester City,Pablo Maffeo,https://www.transfermarkt.co.uk/pablo-maffeo/profil/spieler/251876
Manchester City,Fernandinho,https://www.transfermarkt.co.uk/fernandinho/profil/spieler/26267
Manchester City,Fernando,https://www.transfermarkt.co.uk/fernando/profil/spieler/51174
Manchester City,İlkay Gündoğan,https://www.transfermarkt.co.uk/ilkay-gundogan/profil/spieler/53622
Manchester City,Fabian Delph,https://www.transfermarkt.co.uk/fabian-delph/profil/spieler/50362
Manchester City,Yaya Touré,https://www.transfermarkt.co.uk/yaya-toure/profil/spieler/13091
Manchester City,Aleix García,https://www.transfermarkt.co.uk/aleix-garcia/profil/spieler/261504
Manchester City,Kevin De Bruyne,https://www.transfermarkt.co.uk/kevin-de-bruyne/profil/spieler/88755
Manchester City,David Silva,https://www.transfermarkt.co.uk/david-silva/profil/spieler/35518
Manchester City,Samir Nasri,https://www.transfermarkt.co.uk/samir-nasri/profil/spieler/18935
Manchester City,Nolito,https://www.transfermarkt.co.uk/nolito/profil/spieler/70934
Manchester City,Raheem Sterling,https://www.transfermarkt.co.uk/raheem-sterling/profil/spieler/134425
Manchester City,Leroy Sané,https://www.transfermarkt.co.uk/leroy-sane/profil/spieler/192565
Manchester City,Brahim Díaz,https://www.transfermarkt.co.uk/brahim-diaz/profil/spieler/314678
Manchester City,Phil Foden,https://www.transfermarkt.co.uk/phil-foden/profil/spieler/406635
Manchester City,Sergio Agüero,https://www.transfermarkt.co.uk/sergio-aguero/profil/spieler/26399
Manchester City,Gabriel Jesus,https://www.transfermarkt.co.uk/gabriel-jesus/profil/spieler/363205
Manchester City,Wilfried Bony,https://www.transfermarkt.co.uk/wilfried-bony/profil/spieler/81808
Manchester City,Kelechi Iheanacho,https://www.transfermarkt.co.uk/kelechi-iheanacho/profil/spieler/295330
Tottenham Hotspur,Hugo Lloris,https://www.transfermarkt.co.uk/hugo-lloris/profil/spieler/17965
Tottenham Hotspur,Michel Vorm,https://www.transfermarkt.co.uk/michel-vorm/profil/spieler/26276
Tottenham Hotspur,Pau López,https://www.transfermarkt.co.uk/pau-lopez/profil/spieler/286415
Tottenham Hotspur,Luke McGee,https://www.transfermarkt.co.uk/luke-mcgee/profil/spieler/183301
Tottenham Hotspur,Alfie Whiteman,https://www.transfermarkt.co.uk/alfie-whiteman/profil/spieler/282823
Tottenham Hotspur,Toby Alderweireld,https://www.transfermarkt.co.uk/toby-alderweireld/profil/spieler/42710
Tottenham Hotspur,Jan Vertonghen,https://www.transfermarkt.co.uk/jan-vertonghen/profil/spieler/43250
Tottenham Hotspur,Eric Dier,https://www.transfermarkt.co.uk/eric-dier/profil/spieler/175722
Tottenham Hotspur,Ben Davies,https://www.transfermarkt.co.uk/ben-davies/profil/spieler/192765
Tottenham Hotspur,Federico Fazio,https://www.transfermarkt.co.uk/federico-fazio/profil/spieler/45314
Tottenham Hotspur,Kevin Wimmer,https://www.transfermarkt.co.uk/kevin-wimmer/profil/spieler/122675
Tottenham Hotspur,Cameron Carter-Vickers,https://www.transfermarkt.co.uk/cameron-carter-vickers/profil/spieler/341049
Tottenham Hotspur,Anton Walkes,https://www.transfermarkt.co.uk/anton-walkes/profil/spieler/307763
Tottenham Hotspur,Danny Rose,https://www.transfermarkt.co.uk/danny-rose/profil/spieler/50174
Tottenham Hotspur,Kyle Walker,https://www.transfermarkt.co.uk/kyle-walker/profil/spieler/95424
Tottenham Hotspur,Kieran Trippier,https://www.transfermarkt.co.uk/kieran-trippier/profil/spieler/95810
Tottenham Hotspur,Kyle Walker-Peters,https://www.transfermarkt.co.uk/kyle-walker-peters/profil/spieler/341051
Tottenham Hotspur,Victor Wanyama,https://www.transfermarkt.co.uk/victor-wanyama/profil/spieler/77760
Tottenham Hotspur,Nabil Bentaleb,https://www.transfermarkt.co.uk/nabil-bentaleb/profil/spieler/245537
Tottenham Hotspur,Harry Winks,https://www.transfermarkt.co.uk/harry-winks/profil/spieler/249126
Tottenham Hotspur,Filip Lesniak,https://www.transfermarkt.co.uk/filip-lesniak/profil/spieler/186383
Tottenham Hotspur,Christian Eriksen,https://www.transfermarkt.co.uk/christian-eriksen/profil/spieler/69633
Tottenham Hotspur,Moussa Sissoko,https://www.transfermarkt.co.uk/moussa-sissoko/profil/spieler/46001
Tottenham Hotspur,Mousa Dembélé,https://www.transfermarkt.co.uk/mousa-dembele/profil/spieler/19368
Tottenham Hotspur,Ryan Mason,https://www.transfermarkt.co.uk/ryan-mason/profil/spieler/61834
Tottenham Hotspur,Tom Carroll,https://www.transfermarkt.co.uk/tom-carroll/profil/spieler/121279
Tottenham Hotspur,Josh Onomah,https://www.transfermarkt.co.uk/josh-onomah/profil/spieler/243589
Tottenham Hotspur,Luke Amos,https://www.transfermarkt.co.uk/luke-amos/profil/spieler/258912
Tottenham Hotspur,Dele Alli,https://www.transfermarkt.co.uk/dele-alli/profil/spieler/207929
Tottenham Hotspur,Heung-min Son,https://www.transfermarkt.co.uk/heung-min-son/profil/spieler/91845
Tottenham Hotspur,Georges-Kevin N'Koudou,https://www.transfermarkt.co.uk/georges-kevin-nkoudou/profil/spieler/215679
Tottenham Hotspur,Samuel Shashoua,https://www.transfermarkt.co.uk/samuel-shashoua/profil/spieler/387313
Tottenham Hotspur,Erik Lamela,https://www.transfermarkt.co.uk/erik-lamela/profil/spieler/111630
Tottenham Hotspur,Clinton N'Jie,https://www.transfermarkt.co.uk/clinton-njie/profil/spieler/241119
Tottenham Hotspur,Marcus Edwards,https://www.transfermarkt.co.uk/marcus-edwards/profil/spieler/314367
Tottenham Hotspur,Harry Kane,https://www.transfermarkt.co.uk/harry-kane/profil/spieler/132098
Tottenham Hotspur,Vincent Janssen,https://www.transfermarkt.co.uk/vincent-janssen/profil/spieler/207015
Tottenham Hotspur,Shayon Harrison,https://www.transfermarkt.co.uk/shayon-harrison/profil/spieler/345739
Arsenal FC,Wojciech Szczesny,https://www.transfermarkt.co.uk/wojciech-szczesny/profil/spieler/44058
Arsenal FC,David Ospina,https://www.transfermarkt.co.uk/david-ospina/profil/spieler/73396
Arsenal FC,Petr Cech,https://www.transfermarkt.co.uk/petr-cech/profil/spieler/5658
Arsenal FC,Emiliano Martínez,https://www.transfermarkt.co.uk/emiliano-martinez/profil/spieler/111873
Arsenal FC,Matt Macey,https://www.transfermarkt.co.uk/matt-macey/profil/spieler/220491
Arsenal FC,Shkodran Mustafi,https://www.transfermarkt.co.uk/shkodran-mustafi/profil/spieler/88590
Arsenal FC,Laurent Koscielny,https://www.transfermarkt.co.uk/laurent-koscielny/profil/spieler/76277
Arsenal FC,Calum Chambers,https://www.transfermarkt.co.uk/calum-chambers/profil/spieler/215118
Arsenal FC,Gabriel Paulista,https://www.transfermarkt.co.uk/gabriel-paulista/profil/spieler/149498
Arsenal FC,Rob Holding,https://www.transfermarkt.co.uk/rob-holding/profil/spieler/253341
Arsenal FC,Per Mertesacker,https://www.transfermarkt.co.uk/per-mertesacker/profil/spieler/6710
Arsenal FC,Krystian Bielik,https://www.transfermarkt.co.uk/krystian-bielik/profil/spieler/287247
Arsenal FC,Nacho Monreal,https://www.transfermarkt.co.uk/nacho-monreal/profil/spieler/43003
Arsenal FC,Kieran Gibbs,https://www.transfermarkt.co.uk/kieran-gibbs/profil/spieler/44792
Arsenal FC,Marc Bola,https://www.transfermarkt.co.uk/marc-bola/profil/spieler/340310
Arsenal FC,Héctor Bellerín,https://www.transfermarkt.co.uk/hector-bellerin/profil/spieler/191217
Arsenal FC,Carl Jenkinson,https://www.transfermarkt.co.uk/carl-jenkinson/profil/spieler/126321
Arsenal FC,Mathieu Debuchy,https://www.transfermarkt.co.uk/mathieu-debuchy/profil/spieler/27306
Arsenal FC,Ainsley Maitland-Niles,https://www.transfermarkt.co.uk/ainsley-maitland-niles/profil/spieler/285845
Arsenal FC,Granit Xhaka,https://www.transfermarkt.co.uk/granit-xhaka/profil/spieler/111455
Arsenal FC,Francis Coquelin,https://www.transfermarkt.co.uk/francis-coquelin/profil/spieler/74869
Arsenal FC,Mohamed Elneny,https://www.transfermarkt.co.uk/mohamed-elneny/profil/spieler/160438
Arsenal FC,Gedion Zelalem,https://www.transfermarkt.co.uk/gedion-zelalem/profil/spieler/228370
Arsenal FC,Ben Sheaf,https://www.transfermarkt.co.uk/ben-sheaf/profil/spieler/314384
Arsenal FC,Aaron Ramsey,https://www.transfermarkt.co.uk/aaron-ramsey/profil/spieler/50057
Arsenal FC,Alex Oxlade-Chamberlain,https://www.transfermarkt.co.uk/alex-oxlade-chamberlain/profil/spieler/143424
Arsenal FC,Jack Wilshere,https://www.transfermarkt.co.uk/jack-wilshere/profil/spieler/74223
Arsenal FC,Santi Cazorla,https://www.transfermarkt.co.uk/santi-cazorla/profil/spieler/15799
Arsenal FC,Josh Dasilva,https://www.transfermarkt.co.uk/josh-dasilva/profil/spieler/340321
Arsenal FC,Mesut Özil,https://www.transfermarkt.co.uk/mesut-ozil/profil/spieler/35664
Arsenal FC,Jeff Reine-Adélaïde,https://www.transfermarkt.co.uk/jeff-reine-adelaide/profil/spieler/326300
Arsenal FC,Alex Iwobi,https://www.transfermarkt.co.uk/alex-iwobi/profil/spieler/242631
Arsenal FC,Chris Willock,https://www.transfermarkt.co.uk/chris-willock/profil/spieler/314341
Arsenal FC,Stephy Mavididi,https://www.transfermarkt.co.uk/stephy-mavididi/profil/spieler/340328
Arsenal FC,Theo Walcott,https://www.transfermarkt.co.uk/theo-walcott/profil/spieler/33713
Arsenal FC,Joel Campbell,https://www.transfermarkt.co.uk/joel-campbell/profil/spieler/131248
Arsenal FC,Alexis Sánchez,https://www.transfermarkt.co.uk/alexis-sanchez/profil/spieler/40433
Arsenal FC,Olivier Giroud,https://www.transfermarkt.co.uk/olivier-giroud/profil/spieler/82442
Arsenal FC,Lucas Pérez,https://www.transfermarkt.co.uk/lucas-perez/profil/spieler/73185
Arsenal FC,Danny Welbeck,https://www.transfermarkt.co.uk/danny-welbeck/profil/spieler/67063
Arsenal FC,Chuba Akpom,https://www.transfermarkt.co.uk/chuba-akpom/profil/spieler/197642
Arsenal FC,Yaya Sanogo,https://www.transfermarkt.co.uk/yaya-sanogo/profil/spieler/127194
Manchester United,David de Gea,https://www.transfermarkt.co.uk/david-de-gea/profil/spieler/59377
Manchester United,Sergio Romero,https://www.transfermarkt.co.uk/sergio-romero/profil/spieler/30690
Manchester United,Sam Johnstone,https://www.transfermarkt.co.uk/sam-johnstone/profil/spieler/110864
Manchester United,Joel Pereira,https://www.transfermarkt.co.uk/joel-pereira/profil/spieler/192611
Manchester United,Dean Henderson,https://www.transfermarkt.co.uk/dean-henderson/profil/spieler/258919
Manchester United,Kieran O'Hara,https://www.transfermarkt.co.uk/kieran-ohara/profil/spieler/289791
Manchester United,Eric Bailly,https://www.transfermarkt.co.uk/eric-bailly/profil/spieler/286384
Manchester United,Daley Blind,https://www.transfermarkt.co.uk/daley-blind/profil/spieler/12282
Manchester United,Marcos Rojo,https://www.transfermarkt.co.uk/marcos-rojo/profil/spieler/93176
Manchester United,Chris Smalling,https://www.transfermarkt.co.uk/chris-smalling/profil/spieler/103427
Manchester United,Phil Jones,https://www.transfermarkt.co.uk/phil-jones/profil/spieler/117996
Manchester United,Luke Shaw,https://www.transfermarkt.co.uk/luke-shaw/profil/spieler/183288
Manchester United,Cameron Borthwick-Jackson,https://www.transfermarkt.co.uk/cameron-borthwick-jackson/profil/spieler/258879
Manchester United,Matteo Darmian,https://www.transfermarkt.co.uk/matteo-darmian/profil/spieler/54906
Manchester United,Antonio Valencia,https://www.transfermarkt.co.uk/antonio-valencia/profil/spieler/33544
Manchester United,Ashley Young,https://www.transfermarkt.co.uk/ashley-young/profil/spieler/14086
Manchester United,Timothy Fosu-Mensah,https://www.transfermarkt.co.uk/timothy-fosu-mensah/profil/spieler/315131
Manchester United,Axel Tuanzebe,https://www.transfermarkt.co.uk/axel-tuanzebe/profil/spieler/342046
Manchester United,Guillermo Varela,https://www.transfermarkt.co.uk/guillermo-varela/profil/spieler/188862
Manchester United,Morgan Schneiderlin,https://www.transfermarkt.co.uk/morgan-schneiderlin/profil/spieler/56818
Manchester United,Michael Carrick,https://www.transfermarkt.co.uk/michael-carrick/profil/spieler/3878
Manchester United,Paul Pogba,https://www.transfermarkt.co.uk/paul-pogba/profil/spieler/122153
Manchester United,Henrikh Mkhitaryan,https://www.transfermarkt.co.uk/henrikh-mkhitaryan/profil/spieler/55735
Manchester United,Ander Herrera,https://www.transfermarkt.co.uk/ander-herrera/profil/spieler/99343
Manchester United,Marouane Fellaini,https://www.transfermarkt.co.uk/marouane-fellaini/profil/spieler/39679
Manchester United,Bastian Schweinsteiger,https://www.transfermarkt.co.uk/bastian-schweinsteiger/profil/spieler/2514
Manchester United,Matty Willock,https://www.transfermarkt.co.uk/matty-willock/profil/spieler/289845
Manchester United,Scott McTominay,https://www.transfermarkt.co.uk/scott-mctominay/profil/spieler/315969
Manchester United,Juan Mata,https://www.transfermarkt.co.uk/juan-mata/profil/spieler/44068
Manchester United,Jesse Lingard,https://www.transfermarkt.co.uk/jesse-lingard/profil/spieler/141660
Manchester United,Andreas Pereira,https://www.transfermarkt.co.uk/andreas-pereira/profil/spieler/203394
Manchester United,Demetri Mitchell,https://www.transfermarkt.co.uk/demetri-mitchell/profil/spieler/258886
Manchester United,Josh Harrop,https://www.transfermarkt.co.uk/josh-harrop/profil/spieler/289844
Manchester United,Angel Gomes,https://www.transfermarkt.co.uk/angel-gomes/profil/spieler/392770
Manchester United,Marcus Rashford,https://www.transfermarkt.co.uk/marcus-rashford/profil/spieler/258923
Manchester United,Adnan Januzaj,https://www.transfermarkt.co.uk/adnan-januzaj/profil/spieler/177847
Manchester United,Anthony Martial,https://www.transfermarkt.co.uk/anthony-martial/profil/spieler/182877
Manchester United,Memphis Depay,https://www.transfermarkt.co.uk/memphis-depay/profil/spieler/167850
Manchester United,Wayne Rooney,https://www.transfermarkt.co.uk/wayne-rooney/profil/spieler/3332
Manchester United,Zlatan Ibrahimović,https://www.transfermarkt.co.uk/zlatan-ibrahimovic/profil/spieler/3455
Manchester United,James Wilson,https://www.transfermarkt.co.uk/james-wilson/profil/spieler/214104
Manchester United,Zak Dearnley,https://www.transfermarkt.co.uk/zak-dearnley/profil/spieler/396284
Liverpool FC,Simon Mignolet,https://www.transfermarkt.co.uk/simon-mignolet/profil/spieler/50219
Liverpool FC,Loris Karius,https://www.transfermarkt.co.uk/loris-karius/profil/spieler/85864
Liverpool FC,Danny Ward,https://www.transfermarkt.co.uk/danny-ward/profil/spieler/203026
Liverpool FC,Ádám Bogdán,https://www.transfermarkt.co.uk/adam-bogdan/profil/spieler/55247
Liverpool FC,Alexander Manninger,https://www.transfermarkt.co.uk/alexander-manninger/profil/spieler/5278
Liverpool FC,Joel Matip,https://www.transfermarkt.co.uk/joel-matip/profil/spieler/82105
Liverpool FC,Dejan Lovren,https://www.transfermarkt.co.uk/dejan-lovren/profil/spieler/37838
Liverpool FC,Mamadou Sakho,https://www.transfermarkt.co.uk/mamadou-sakho/profil/spieler/47713
Liverpool FC,Joe Gomez,https://www.transfermarkt.co.uk/joe-gomez/profil/spieler/256178
Liverpool FC,Ragnar Klavan,https://www.transfermarkt.co.uk/ragnar-klavan/profil/spieler/26669
Liverpool FC,Alberto Moreno,https://www.transfermarkt.co.uk/alberto-moreno/profil/spieler/207917
Liverpool FC,Nathaniel Clyne,https://www.transfermarkt.co.uk/nathaniel-clyne/profil/spieler/85177
Liverpool FC,Jon Flanagan,https://www.transfermarkt.co.uk/jon-flanagan/profil/spieler/145922
Liverpool FC,Andre Wisdom,https://www.transfermarkt.co.uk/andre-wisdom/profil/spieler/128912
Liverpool FC,Trent Alexander-Arnold,https://www.transfermarkt.co.uk/trent-alexander-arnold/profil/spieler/314353
Liverpool FC,Connor Randall,https://www.transfermarkt.co.uk/connor-randall/profil/spieler/262545
Liverpool FC,Emre Can,https://www.transfermarkt.co.uk/emre-can/profil/spieler/119296
Liverpool FC,Lucas Leiva,https://www.transfermarkt.co.uk/lucas-leiva/profil/spieler/41414
Liverpool FC,Marko Grujić,https://www.transfermarkt.co.uk/marko-grujic/profil/spieler/222813
Liverpool FC,Kevin Stewart,https://www.transfermarkt.co.uk/kevin-stewart/profil/spieler/200782
Liverpool FC,MJ Williams,https://www.transfermarkt.co.uk/mj-williams/profil/spieler/279454
Liverpool FC,Paulinho,https://www.transfermarkt.co.uk/paulinho/profil/spieler/372670
Liverpool FC,Georginio Wijnaldum,https://www.transfermarkt.co.uk/georginio-wijnaldum/profil/spieler/49499
Liverpool FC,Jordan Henderson,https://www.transfermarkt.co.uk/jordan-henderson/profil/spieler/61651
Liverpool FC,James Milner,https://www.transfermarkt.co.uk/james-milner/profil/spieler/3333
Liverpool FC,Ovie Ejaria,https://www.transfermarkt.co.uk/ovie-ejaria/profil/spieler/337284
Liverpool FC,Philippe Coutinho,https://www.transfermarkt.co.uk/philippe-coutinho/profil/spieler/80444
Liverpool FC,Adam Lallana,https://www.transfermarkt.co.uk/adam-lallana/profil/spieler/43530
Liverpool FC,Ben Woodburn,https://www.transfermarkt.co.uk/ben-woodburn/profil/spieler/344015
Liverpool FC,Sadio Mané,https://www.transfermarkt.co.uk/sadio-mane/profil/spieler/200512
Liverpool FC,Lazar Markovic,https://www.transfermarkt.co.uk/lazar-markovic/profil/spieler/144303
Liverpool FC,Sheyi Ojo,https://www.transfermarkt.co.uk/sheyi-ojo/profil/spieler/236510
Liverpool FC,Harry Wilson,https://www.transfermarkt.co.uk/harry-wilson/profil/spieler/279455
Liverpool FC,Roberto Firmino,https://www.transfermarkt.co.uk/roberto-firmino/profil/spieler/131789
Liverpool FC,Daniel Sturridge,https://www.transfermarkt.co.uk/daniel-sturridge/profil/spieler/47082
Liverpool FC,Divock Origi,https://www.transfermarkt.co.uk/divock-origi/profil/spieler/148368
Liverpool FC,Danny Ings,https://www.transfermarkt.co.uk/danny-ings/profil/spieler/134294
Liverpool FC,Rhian Brewster,https://www.transfermarkt.co.uk/rhian-brewster/profil/spieler/406560
Everton FC,Joel Robles,https://www.transfermarkt.co.uk/joel-robles/profil/spieler/101118
Everton FC,Maarten Stekelenburg,https://www.transfermarkt.co.uk/maarten-stekelenburg/profil/spieler/4311
Everton FC,Mateusz Hewelt,https://www.transfermarkt.co.uk/mateusz-hewelt/profil/spieler/318547
Everton FC,Ramiro Funes Mori,https://www.transfermarkt.co.uk/ramiro-funes-mori/profil/spieler/11111
Everton FC,Ashley Williams,https://www.transfermarkt.co.uk/ashley-williams/profil/spieler/67355
Everton FC,Mason Holgate,https://www.transfermarkt.co.uk/mason-holgate/profil/spieler/348623
Everton FC,Brendan Galloway,https://www.transfermarkt.co.uk/brendan-galloway/profil/spieler/208244
Everton FC,Phil Jagielka,https://www.transfermarkt.co.uk/phil-jagielka/profil/spieler/13520
Everton FC,Tyias Browning,https://www.transfermarkt.co.uk/tyias-browning/profil/spieler/156934
Everton FC,Matthew Pennington,https://www.transfermarkt.co.uk/matthew-pennington/profil/spieler/220755
Everton FC,Leighton Baines,https://www.transfermarkt.co.uk/leighton-baines/profil/spieler/13507
Everton FC,Bryan Oviedo,https://www.transfermarkt.co.uk/bryan-oviedo/profil/spieler/124983
Everton FC,Luke Garbutt,https://www.transfermarkt.co.uk/luke-garbutt/profil/spieler/110860
Everton FC,Séamus Coleman,https://www.transfermarkt.co.uk/seamus-coleman/profil/spieler/68390
Everton FC,Jonjoe Kenny,https://www.transfermarkt.co.uk/jonjoe-kenny/profil/spieler/258883
Everton FC,Morgan Schneiderlin,https://www.transfermarkt.co.uk/morgan-schneiderlin/profil/spieler/56818
Everton FC,Idrissa Gueye,https://www.transfermarkt.co.uk/idrissa-gueye/profil/spieler/126665
Everton FC,Muhamed Besic,https://www.transfermarkt.co.uk/muhamed-besic/profil/spieler/93905
Everton FC,Gareth Barry,https://www.transfermarkt.co.uk/gareth-barry/profil/spieler/3291
Everton FC,Ross Barkley,https://www.transfermarkt.co.uk/ross-barkley/profil/spieler/131978
Everton FC,James McCarthy,https://www.transfermarkt.co.uk/james-mccarthy/profil/spieler/45333
Everton FC,Tom Cleverley,https://www.transfermarkt.co.uk/tom-cleverley/profil/spieler/73484
Everton FC,Tom Davies,https://www.transfermarkt.co.uk/tom-davies/profil/spieler/314210
Everton FC,Darron Gibson,https://www.transfermarkt.co.uk/darron-gibson/profil/spieler/42413
Everton FC,Joe Williams,https://www.transfermarkt.co.uk/joe-williams/profil/spieler/268185
Everton FC,Yannick Bolasie,https://www.transfermarkt.co.uk/yannick-bolasie/profil/spieler/75471
Everton FC,Aiden McGeady,https://www.transfermarkt.co.uk/aiden-mcgeady/profil/spieler/21333
Everton FC,Kevin Mirallas,https://www.transfermarkt.co.uk/kevin-mirallas/profil/spieler/33639
Everton FC,Aaron Lennon,https://www.transfermarkt.co.uk/aaron-lennon/profil/spieler/14221
Everton FC,Ademola Lookman,https://www.transfermarkt.co.uk/ademola-lookman/profil/spieler/406040
Everton FC,Shani Tarashaj,https://www.transfermarkt.co.uk/shani-tarashaj/profil/spieler/184381
Everton FC,Romelu Lukaku,https://www.transfermarkt.co.uk/romelu-lukaku/profil/spieler/96341
Everton FC,Gerard Deulofeu,https://www.transfermarkt.co.uk/gerard-deulofeu/profil/spieler/129476
Everton FC,Enner Valencia,https://www.transfermarkt.co.uk/enner-valencia/profil/spieler/139503
Everton FC,Oumar Niasse,https://www.transfermarkt.co.uk/oumar-niasse/profil/spieler/209781
Everton FC,Dominic Calvert-Lewin,https://www.transfermarkt.co.uk/dominic-calvert-lewin/profil/spieler/306024
Everton FC,Arouna Koné,https://www.transfermarkt.co.uk/arouna-kone/profil/spieler/8552
Everton FC,Leandro Rodríguez,https://www.transfermarkt.co.uk/leandro-rodriguez/profil/spieler/238988
Everton FC,Conor McAleny,https://www.transfermarkt.co.uk/conor-mcaleny/profil/spieler/121260
West Ham United,Adrián,https://www.transfermarkt.co.uk/adrian/profil/spieler/71271
West Ham United,Darren Randolph,https://www.transfermarkt.co.uk/darren-randolph/profil/spieler/51321
West Ham United,Raphael Spiegel,https://www.transfermarkt.co.uk/raphael-spiegel/profil/spieler/111428
West Ham United,Winston Reid,https://www.transfermarkt.co.uk/winston-reid/profil/spieler/37526
West Ham United,Angelo Ogbonna,https://www.transfermarkt.co.uk/angelo-ogbonna/profil/spieler/48002
West Ham United,José Fonte,https://www.transfermarkt.co.uk/jose-fonte/profil/spieler/33829
West Ham United,Reece Oxford,https://www.transfermarkt.co.uk/reece-oxford/profil/spieler/314295
West Ham United,James Collins,https://www.transfermarkt.co.uk/james-collins/profil/spieler/12691
West Ham United,Reece Burke,https://www.transfermarkt.co.uk/reece-burke/profil/spieler/264220
West Ham United,Doneil Henry,https://www.transfermarkt.co.uk/doneil-henry/profil/spieler/157907
West Ham United,Aaron Cresswell,https://www.transfermarkt.co.uk/aaron-cresswell/profil/spieler/92571
West Ham United,Arthur Masuaku,https://www.transfermarkt.co.uk/arthur-masuaku/profil/spieler/181380
West Ham United,Sam Byram,https://www.transfermarkt.co.uk/sam-byram/profil/spieler/236953
West Ham United,Stephen Hendrie,https://www.transfermarkt.co.uk/stephen-hendrie/profil/spieler/186269
West Ham United,Lewis Page,https://www.transfermarkt.co.uk/lewis-page/profil/spieler/242652
West Ham United,Álvaro Arbeloa,https://www.transfermarkt.co.uk/alvaro-arbeloa/profil/spieler/28260
West Ham United,Sam Westley,https://www.transfermarkt.co.uk/sam-westley/profil/spieler/258311
West Ham United,Alex Pike,https://www.transfermarkt.co.uk/alex-pike/profil/spieler/345960
West Ham United,Sofiane Feghouli,https://www.transfermarkt.co.uk/sofiane-feghouli/profil/spieler/57162
West Ham United,Cheikhou Kouyaté,https://www.transfermarkt.co.uk/cheikhou-kouyate/profil/spieler/66934
West Ham United,Håvard Nordtveit,https://www.transfermarkt.co.uk/havard-nordtveit/profil/spieler/42234
West Ham United,Edimilson Fernandes,https://www.transfermarkt.co.uk/edimilson-fernandes/profil/spieler/247555
West Ham United,Josh Cullen,https://www.transfermarkt.co.uk/josh-cullen/profil/spieler/242606
West Ham United,Pedro Obiang,https://www.transfermarkt.co.uk/pedro-obiang/profil/spieler/101213
West Ham United,Mark Noble,https://www.transfermarkt.co.uk/mark-noble/profil/spieler/31835
West Ham United,Moses Makasi,https://www.transfermarkt.co.uk/moses-makasi/profil/spieler/242644
West Ham United,Declan Rice,https://www.transfermarkt.co.uk/declan-rice/profil/spieler/357662
West Ham United,Domingos Quina,https://www.transfermarkt.co.uk/domingos-quina/profil/spieler/391719
West Ham United,Dimitri Payet,https://www.transfermarkt.co.uk/dimitri-payet/profil/spieler/37647
West Ham United,Manuel Lanzini,https://www.transfermarkt.co.uk/manuel-lanzini/profil/spieler/135853
West Ham United,Dan Kemp,https://www.transfermarkt.co.uk/dan-kemp/profil/spieler/396857
West Ham United,Marcus Browne,https://www.transfermarkt.co.uk/marcus-browne/profil/spieler/391470
West Ham United,Nathan Holland,https://www.transfermarkt.co.uk/nathan-holland/profil/spieler/337321
West Ham United,Gökhan Töre,https://www.transfermarkt.co.uk/gokhan-tore/profil/spieler/82130
West Ham United,Robert Snodgrass,https://www.transfermarkt.co.uk/robert-snodgrass/profil/spieler/22614
West Ham United,Grady Diangana,https://www.transfermarkt.co.uk/grady-diangana/profil/spieler/342048
West Ham United,André Ayew,https://www.transfermarkt.co.uk/andre-ayew/profil/spieler/45403
West Ham United,Michail Antonio,https://www.transfermarkt.co.uk/michail-antonio/profil/spieler/104124
West Ham United,Simone Zaza,https://www.transfermarkt.co.uk/simone-zaza/profil/spieler/96828
West Ham United,Enner Valencia,https://www.transfermarkt.co.uk/enner-valencia/profil/spieler/139503
West Ham United,Andy Carroll,https://www.transfermarkt.co.uk/andy-carroll/profil/spieler/48066
West Ham United,Diafra Sakho,https://www.transfermarkt.co.uk/diafra-sakho/profil/spieler/120610
West Ham United,Jonathan Calleri,https://www.transfermarkt.co.uk/jonathan-calleri/profil/spieler/284727
West Ham United,Ashley Fletcher,https://www.transfermarkt.co.uk/ashley-fletcher/profil/spieler/289846
Southampton FC,Fraser Forster,https://www.transfermarkt.co.uk/fraser-forster/profil/spieler/52570
Southampton FC,Alex McCarthy,https://www.transfermarkt.co.uk/alex-mccarthy/profil/spieler/95976
Southampton FC,Paulo Gazzaniga,https://www.transfermarkt.co.uk/paulo-gazzaniga/profil/spieler/195488
Southampton FC,Mouez Hassen,https://www.transfermarkt.co.uk/mouez-hassen/profil/spieler/215677
Southampton FC,Stuart Taylor,https://www.transfermarkt.co.uk/stuart-taylor/profil/spieler/3190
Southampton FC,Harry Lewis,https://www.transfermarkt.co.uk/harry-lewis/profil/spieler/341043
Southampton FC,Virgil van Dijk,https://www.transfermarkt.co.uk/virgil-van-dijk/profil/spieler/139208
Southampton FC,José Fonte,https://www.transfermarkt.co.uk/jose-fonte/profil/spieler/33829
Southampton FC,Maya Yoshida,https://www.transfermarkt.co.uk/maya-yoshida/profil/spieler/81789
Southampton FC,Martín Cáceres,https://www.transfermarkt.co.uk/martin-caceres/profil/spieler/54935
Southampton FC,Jack Stephens,https://www.transfermarkt.co.uk/jack-stephens/profil/spieler/163744
Southampton FC,Florin Gardoș,https://www.transfermarkt.co.uk/florin-gardos/profil/spieler/57423
Southampton FC,Cuco Martina,https://www.transfermarkt.co.uk/cuco-martina/profil/spieler/91251
Southampton FC,Ryan Bertrand,https://www.transfermarkt.co.uk/ryan-bertrand/profil/spieler/40611
Southampton FC,Matt Targett,https://www.transfermarkt.co.uk/matt-targett/profil/spieler/250478
Southampton FC,Sam McQueen,https://www.transfermarkt.co.uk/sam-mcqueen/profil/spieler/226968
Southampton FC,Cédric Soares,https://www.transfermarkt.co.uk/cedric-soares/profil/spieler/112988
Southampton FC,Jérémy Pied,https://www.transfermarkt.co.uk/jeremy-pied/profil/spieler/60583
Southampton FC,Jordy Clasie,https://www.transfermarkt.co.uk/jordy-clasie/profil/spieler/104223
Southampton FC,Oriol Romeu,https://www.transfermarkt.co.uk/oriol-romeu/profil/spieler/66100
Southampton FC,Pierre-Emile Højbjerg,https://www.transfermarkt.co.uk/pierre-emile-hojbjerg/profil/spieler/167799
Southampton FC,James Ward-Prowse,https://www.transfermarkt.co.uk/james-ward-prowse/profil/spieler/181579
Southampton FC,Steven Davis,https://www.transfermarkt.co.uk/steven-davis/profil/spieler/28973
Southampton FC,Harrison Reed,https://www.transfermarkt.co.uk/harrison-reed/profil/spieler/226973
Southampton FC,Jake Hesketh,https://www.transfermarkt.co.uk/jake-hesketh/profil/spieler/315185
Southampton FC,Sofiane Boufal,https://www.transfermarkt.co.uk/sofiane-boufal/profil/spieler/232271
Southampton FC,Dušan Tadić,https://www.transfermarkt.co.uk/dusan-tadic/profil/spieler/36139
Southampton FC,Nathan Redmond,https://www.transfermarkt.co.uk/nathan-redmond/profil/spieler/129078
Southampton FC,Josh Sims,https://www.transfermarkt.co.uk/josh-sims/profil/spieler/286919
Southampton FC,Lloyd Isgrove,https://www.transfermarkt.co.uk/lloyd-isgrove/profil/spieler/226965
Southampton FC,Olufela Olomola,https://www.transfermarkt.co.uk/olufela-olomola/profil/spieler/356569
Southampton FC,Manolo Gabbiadini,https://www.transfermarkt.co.uk/manolo-gabbiadini/profil/spieler/112343
Southampton FC,Charlie Austin,https://www.transfermarkt.co.uk/charlie-austin/profil/spieler/129627
Southampton FC,Jay Rodríguez,https://www.transfermarkt.co.uk/jay-rodriguez/profil/spieler/53360
Southampton FC,Shane Long,https://www.transfermarkt.co.uk/shane-long/profil/spieler/37304
Southampton FC,Sam Gallagher,https://www.transfermarkt.co.uk/sam-gallagher/profil/spieler/227183
Leicester City,Kasper Schmeichel,https://www.transfermarkt.co.uk/kasper-schmeichel/profil/spieler/16911
Leicester City,Ron-Robert Zieler,https://www.transfermarkt.co.uk/ron-robert-zieler/profil/spieler/21327
Leicester City,Ben Hamer,https://www.transfermarkt.co.uk/ben-hamer/profil/spieler/67283
Leicester City,Robert Huth,https://www.transfermarkt.co.uk/robert-huth/profil/spieler/2998
Leicester City,Daniel Amartey,https://www.transfermarkt.co.uk/daniel-amartey/profil/spieler/214056
Leicester City,Luis Hernández,https://www.transfermarkt.co.uk/luis-hernandez/profil/spieler/62945
Leicester City,Wes Morgan,https://www.transfermarkt.co.uk/wes-morgan/profil/spieler/10003
Leicester City,Molla Wagué,https://www.transfermarkt.co.uk/molla-wague/profil/spieler/129893
Leicester City,Yohan Benalouane,https://www.transfermarkt.co.uk/yohan-benalouane/profil/spieler/50477
Leicester City,Marcin Wasilewski,https://www.transfermarkt.co.uk/marcin-wasilewski/profil/spieler/16947
Leicester City,Elliott Moore,https://www.transfermarkt.co.uk/elliott-moore/profil/spieler/341993
Leicester City,Christian Fuchs,https://www.transfermarkt.co.uk/christian-fuchs/profil/spieler/6636
Leicester City,Ben Chilwell,https://www.transfermarkt.co.uk/ben-chilwell/profil/spieler/316125
Leicester City,Danny Simpson,https://www.transfermarkt.co.uk/danny-simpson/profil/spieler/37442
Leicester City,Wilfred Ndidi,https://www.transfermarkt.co.uk/wilfred-ndidi/profil/spieler/274839
Leicester City,Nampalys Mendy,https://www.transfermarkt.co.uk/nampalys-mendy/profil/spieler/111051
Leicester City,Danny Drinkwater,https://www.transfermarkt.co.uk/danny-drinkwater/profil/spieler/73491
Leicester City,Andy King,https://www.transfermarkt.co.uk/andy-king/profil/spieler/56872
Leicester City,Matty James,https://www.transfermarkt.co.uk/matty-james/profil/spieler/73522
Leicester City,Marc Albrighton,https://www.transfermarkt.co.uk/marc-albrighton/profil/spieler/61560
Leicester City,Jeffrey Schlupp,https://www.transfermarkt.co.uk/jeffrey-schlupp/profil/spieler/157506
Leicester City,Bartosz Kapustka,https://www.transfermarkt.co.uk/bartosz-kapustka/profil/spieler/246579
Leicester City,Tom Lawrence,https://www.transfermarkt.co.uk/tom-lawrence/profil/spieler/229970
Leicester City,Ahmed Musa,https://www.transfermarkt.co.uk/ahmed-musa/profil/spieler/168337
Leicester City,Demarai Gray,https://www.transfermarkt.co.uk/demarai-gray/profil/spieler/292417
Leicester City,Harvey Barnes,https://www.transfermarkt.co.uk/harvey-barnes/profil/spieler/398065
Leicester City,Riyad Mahrez,https://www.transfermarkt.co.uk/riyad-mahrez/profil/spieler/171424
Leicester City,Islam Slimani,https://www.transfermarkt.co.uk/islam-slimani/profil/spieler/174915
Leicester City,Jamie Vardy,https://www.transfermarkt.co.uk/jamie-vardy/profil/spieler/197838
Leicester City,Shinji Okazaki,https://www.transfermarkt.co.uk/shinji-okazaki/profil/spieler/79642
Leicester City,Leonardo Ulloa,https://www.transfermarkt.co.uk/leonardo-ulloa/profil/spieler/54890
Stoke City,Jack Butland,https://www.transfermarkt.co.uk/jack-butland/profil/spieler/128899
Stoke City,Lee Grant,https://www.transfermarkt.co.uk/lee-grant/profil/spieler/13460
Stoke City,Jakob Haugaard,https://www.transfermarkt.co.uk/jakob-haugaard/profil/spieler/138335
Stoke City,Shay Given,https://www.transfermarkt.co.uk/shay-given/profil/spieler/3146
Stoke City,Daniel Bachmann,https://www.transfermarkt.co.uk/daniel-bachmann/profil/spieler/120186
Stoke City,Bruno Martins Indi,https://www.transfermarkt.co.uk/bruno-martins-indi/profil/spieler/112052
Stoke City,Ryan Shawcross,https://www.transfermarkt.co.uk/ryan-shawcross/profil/spieler/45861
Stoke City,Erik Pieters,https://www.transfermarkt.co.uk/erik-pieters/profil/spieler/43763
Stoke City,Marc Muniesa,https://www.transfermarkt.co.uk/marc-muniesa/profil/spieler/74228
Stoke City,Geoff Cameron,https://www.transfermarkt.co.uk/geoff-cameron/profil/spieler/31642
Stoke City,Philipp Wollscheid,https://www.transfermarkt.co.uk/philipp-wollscheid/profil/spieler/53173
Stoke City,Ryan Sweeney,https://www.transfermarkt.co.uk/ryan-sweeney/profil/spieler/347666
Stoke City,Joel Taylor,https://www.transfermarkt.co.uk/joel-taylor/profil/spieler/258310
Stoke City,Glen Johnson,https://www.transfermarkt.co.uk/glen-johnson/profil/spieler/3881
Stoke City,Phil Bardsley,https://www.transfermarkt.co.uk/phil-bardsley/profil/spieler/15773
Stoke City,Tom Edwards,https://www.transfermarkt.co.uk/tom-edwards/profil/spieler/430788
Stoke City,Giannelli Imbula,https://www.transfermarkt.co.uk/giannelli-imbula/profil/spieler/130756
Stoke City,Glenn Whelan,https://www.transfermarkt.co.uk/glenn-whelan/profil/spieler/12124
Stoke City,Joe Allen,https://www.transfermarkt.co.uk/joe-allen/profil/spieler/51452
Stoke City,Charlie Adam,https://www.transfermarkt.co.uk/charlie-adam/profil/spieler/28990
Stoke City,Xherdan Shaqiri,https://www.transfermarkt.co.uk/xherdan-shaqiri/profil/spieler/86792
Stoke City,Ramadan Sobhi,https://www.transfermarkt.co.uk/ramadan-sobhi/profil/spieler/312017
Stoke City,Ibrahim Afellay,https://www.transfermarkt.co.uk/ibrahim-afellay/profil/spieler/15760
Stoke City,Stephen Ireland,https://www.transfermarkt.co.uk/stephen-ireland/profil/spieler/34838
Stoke City,Thibaud Verlinden,https://www.transfermarkt.co.uk/thibaud-verlinden/profil/spieler/338673
Stoke City,Jonathan Walters,https://www.transfermarkt.co.uk/jonathan-walters/profil/spieler/3306
Stoke City,Bojan Krkic,https://www.transfermarkt.co.uk/bojan-krkic/profil/spieler/44675
Stoke City,Wilfried Bony,https://www.transfermarkt.co.uk/wilfried-bony/profil/spieler/81808
Stoke City,Saido Berahino,https://www.transfermarkt.co.uk/saido-berahino/profil/spieler/128897
Stoke City,Marko Arnautovic,https://www.transfermarkt.co.uk/marko-arnautovic/profil/spieler/41384
Stoke City,Mame Diouf,https://www.transfermarkt.co.uk/mame-diouf/profil/spieler/62049
Stoke City,Joselu,https://www.transfermarkt.co.uk/joselu/profil/spieler/81999
Stoke City,Peter Crouch,https://www.transfermarkt.co.uk/peter-crouch/profil/spieler/4072
Stoke City,Julien Ngoy,https://www.transfermarkt.co.uk/julien-ngoy/profil/spieler/286005
Hull City,David Marshall,https://www.transfermarkt.co.uk/david-marshall/profil/spieler/9500
Hull City,Allan McGregor,https://www.transfermarkt.co.uk/allan-mcgregor/profil/spieler/9422
Hull City,Dusan Kuciak,https://www.transfermarkt.co.uk/dusan-kuciak/profil/spieler/31886
Hull City,Eldin Jakupović,https://www.transfermarkt.co.uk/eldin-jakupovic/profil/spieler/2857
Hull City,Will Mannion,https://www.transfermarkt.co.uk/will-mannion/profil/spieler/456111
Hull City,Harry Maguire,https://www.transfermarkt.co.uk/harry-maguire/profil/spieler/177907
Hull City,Andrea Ranocchia,https://www.transfermarkt.co.uk/andrea-ranocchia/profil/spieler/44327
Hull City,Markus Henriksen,https://www.transfermarkt.co.uk/markus-henriksen/profil/spieler/122011
Hull City,Curtis Davies,https://www.transfermarkt.co.uk/curtis-davies/profil/spieler/18227
Hull City,Michael Dawson,https://www.transfermarkt.co.uk/michael-dawson/profil/spieler/9988
Hull City,Alex Bruce,https://www.transfermarkt.co.uk/alex-bruce/profil/spieler/37957
Hull City,Harvey Rodgers,https://www.transfermarkt.co.uk/harvey-rodgers/profil/spieler/459873
Hull City,Andrew Robertson,https://www.transfermarkt.co.uk/andrew-robertson/profil/spieler/234803
Hull City,Josh Tymon,https://www.transfermarkt.co.uk/josh-tymon/profil/spieler/419929
Hull City,Omar Elabdellaoui,https://www.transfermarkt.co.uk/omar-elabdellaoui/profil/spieler/121404
Hull City,Moses Odubajo,https://www.transfermarkt.co.uk/moses-odubajo/profil/spieler/163738
Hull City,Ahmed El Mohamady,https://www.transfermarkt.co.uk/ahmed-el-mohamady/profil/spieler/66333
Hull City,Brian Lenihan,https://www.transfermarkt.co.uk/brian-lenihan/profil/spieler/241916
Hull City,Josh Clackstone,https://www.transfermarkt.co.uk/josh-clackstone/profil/spieler/453306
Hull City,Jake Livermore,https://www.transfermarkt.co.uk/jake-livermore/profil/spieler/61832
Hull City,Alfred N'Diaye,https://www.transfermarkt.co.uk/alfred-ndiaye/profil/spieler/77737
Hull City,Tom Huddlestone,https://www.transfermarkt.co.uk/tom-huddlestone/profil/spieler/13465
Hull City,Ryan Mason,https://www.transfermarkt.co.uk/ryan-mason/profil/spieler/61834
Hull City,Sam Clucas,https://www.transfermarkt.co.uk/sam-clucas/profil/spieler/122223
Hull City,David Meyler,https://www.transfermarkt.co.uk/david-meyler/profil/spieler/68183
Hull City,James Weir,https://www.transfermarkt.co.uk/james-weir/profil/spieler/251058
Hull City,Daniel Batty,https://www.transfermarkt.co.uk/daniel-batty/profil/spieler/509268
Hull City,Evandro,https://www.transfermarkt.co.uk/evandro/profil/spieler/53359
Hull City,Shaun Maloney,https://www.transfermarkt.co.uk/shaun-maloney/profil/spieler/9508
Hull City,Greg Olley,https://www.transfermarkt.co.uk/greg-olley/profil/spieler/257533
Hull City,Kamil Grosicki,https://www.transfermarkt.co.uk/kamil-grosicki/profil/spieler/37920
Hull City,Ben Hinchliffe,https://www.transfermarkt.co.uk/ben-hinchliffe/profil/spieler/457129
Hull City,Lazar Markovic,https://www.transfermarkt.co.uk/lazar-markovic/profil/spieler/144303
Hull City,Robert Snodgrass,https://www.transfermarkt.co.uk/robert-snodgrass/profil/spieler/22614
Hull City,Jarrod Bowen,https://www.transfermarkt.co.uk/jarrod-bowen/profil/spieler/314875
Hull City,Oumar Niasse,https://www.transfermarkt.co.uk/oumar-niasse/profil/spieler/209781
Hull City,Abel Hernández,https://www.transfermarkt.co.uk/abel-hernandez/profil/spieler/76608
Hull City,Dieumerci Mbokani,https://www.transfermarkt.co.uk/dieumerci-mbokani/profil/spieler/44624
Hull City,Will Keane,https://www.transfermarkt.co.uk/will-keane/profil/spieler/118535
Hull City,Adama Diomande,https://www.transfermarkt.co.uk/adama-diomande/profil/spieler/93145
Hull City,Greg Luer,https://www.transfermarkt.co.uk/greg-luer/profil/spieler/356195
Hull City,Johan Ter Horst,https://www.transfermarkt.co.uk/johan-ter-horst/profil/spieler/318224
Sunderland AFC,Jordan Pickford,https://www.transfermarkt.co.uk/jordan-pickford/profil/spieler/130164
Sunderland AFC,Vito Mannone,https://www.transfermarkt.co.uk/vito-mannone/profil/spieler/33781
Sunderland AFC,Mika,https://www.transfermarkt.co.uk/mika/profil/spieler/138285
Sunderland AFC,Maksymilian Stryjek,https://www.transfermarkt.co.uk/maksymilian-stryjek/profil/spieler/240457
Sunderland AFC,Lamine Koné,https://www.transfermarkt.co.uk/lamine-kone/profil/spieler/57420
Sunderland AFC,Papy Djilobodji,https://www.transfermarkt.co.uk/papy-djilobodji/profil/spieler/136610
Sunderland AFC,Jack Rodwell,https://www.transfermarkt.co.uk/jack-rodwell/profil/spieler/57079
Sunderland AFC,Jason Denayer,https://www.transfermarkt.co.uk/jason-denayer/profil/spieler/277114
Sunderland AFC,Paddy McNair,https://www.transfermarkt.co.uk/paddy-mcnair/profil/spieler/167268
Sunderland AFC,Younès Kaboul,https://www.transfermarkt.co.uk/younes-kaboul/profil/spieler/27114
Sunderland AFC,Joleon Lescott,https://www.transfermarkt.co.uk/joleon-lescott/profil/spieler/4241
Sunderland AFC,John O'Shea,https://www.transfermarkt.co.uk/john-oshea/profil/spieler/3540
Sunderland AFC,Michael Ledger,https://www.transfermarkt.co.uk/michael-ledger/profil/spieler/320228
Sunderland AFC,Patrick van Aanholt,https://www.transfermarkt.co.uk/patrick-van-aanholt/profil/spieler/52119
Sunderland AFC,Bryan Oviedo,https://www.transfermarkt.co.uk/bryan-oviedo/profil/spieler/124983
Sunderland AFC,Tommy Robson,https://www.transfermarkt.co.uk/tommy-robson/profil/spieler/257968
Sunderland AFC,Javier Manquillo,https://www.transfermarkt.co.uk/javier-manquillo/profil/spieler/162029
Sunderland AFC,Adam Matthews,https://www.transfermarkt.co.uk/adam-matthews/profil/spieler/108878
Sunderland AFC,Billy Jones,https://www.transfermarkt.co.uk/billy-jones/profil/spieler/36866
Sunderland AFC,Donald Love,https://www.transfermarkt.co.uk/donald-love/profil/spieler/179451
Sunderland AFC,Josh Robson,https://www.transfermarkt.co.uk/josh-robson/profil/spieler/357958
Sunderland AFC,Didier Ndong,https://www.transfermarkt.co.uk/didier-ndong/profil/spieler/210081
Sunderland AFC,Lee Cattermole,https://www.transfermarkt.co.uk/lee-cattermole/profil/spieler/37363
Sunderland AFC,Jan Kirchhoff,https://www.transfermarkt.co.uk/jan-kirchhoff/profil/spieler/49734
Sunderland AFC,Sebastian Larsson,https://www.transfermarkt.co.uk/sebastian-larsson/profil/spieler/31720
Sunderland AFC,Darron Gibson,https://www.transfermarkt.co.uk/darron-gibson/profil/spieler/42413
Sunderland AFC,Ethan Robson,https://www.transfermarkt.co.uk/ethan-robson/profil/spieler/258199
Sunderland AFC,Steven Pienaar,https://www.transfermarkt.co.uk/steven-pienaar/profil/spieler/4321
Sunderland AFC,George Honeyman,https://www.transfermarkt.co.uk/george-honeyman/profil/spieler/218140
Sunderland AFC,Rees Greenwood,https://www.transfermarkt.co.uk/rees-greenwood/profil/spieler/320213
Sunderland AFC,Elliot Embleton,https://www.transfermarkt.co.uk/elliot-embleton/profil/spieler/364828
Sunderland AFC,Wahbi Khazri,https://www.transfermarkt.co.uk/wahbi-khazri/profil/spieler/103565
Sunderland AFC,Fabio Borini,https://www.transfermarkt.co.uk/fabio-borini/profil/spieler/96754
Sunderland AFC,Jeremain Lens,https://www.transfermarkt.co.uk/jeremain-lens/profil/spieler/38497
Sunderland AFC,Adnan Januzaj,https://www.transfermarkt.co.uk/adnan-januzaj/profil/spieler/177847
Sunderland AFC,Duncan Watmore,https://www.transfermarkt.co.uk/duncan-watmore/profil/spieler/248045
Sunderland AFC,Will Buckley,https://www.transfermarkt.co.uk/will-buckley/profil/spieler/77329
Sunderland AFC,Lynden Gooch,https://www.transfermarkt.co.uk/lynden-gooch/profil/spieler/307781
Sunderland AFC,Joel Asoro,https://www.transfermarkt.co.uk/joel-asoro/profil/spieler/375391
Sunderland AFC,Jermain Defoe,https://www.transfermarkt.co.uk/jermain-defoe/profil/spieler/3875
Sunderland AFC,Victor Anichebe,https://www.transfermarkt.co.uk/victor-anichebe/profil/spieler/39532
Sunderland AFC,Josh Maja,https://www.transfermarkt.co.uk/josh-maja/profil/spieler/453824
Burnley FC,Tom Heaton,https://www.transfermarkt.co.uk/tom-heaton/profil/spieler/34130
Burnley FC,Nick Pope,https://www.transfermarkt.co.uk/nick-pope/profil/spieler/192080
Burnley FC,Paul Robinson,https://www.transfermarkt.co.uk/paul-robinson/profil/spieler/3630
Burnley FC,Michael Keane,https://www.transfermarkt.co.uk/michael-keane/profil/spieler/118534
Burnley FC,Ben Mee,https://www.transfermarkt.co.uk/ben-mee/profil/spieler/74810
Burnley FC,James Tarkowski,https://www.transfermarkt.co.uk/james-tarkowski/profil/spieler/173504
Burnley FC,Kevin Long,https://www.transfermarkt.co.uk/kevin-long/profil/spieler/111114
Burnley FC,Tom Anderson,https://www.transfermarkt.co.uk/tom-anderson/profil/spieler/128828
Burnley FC,Stephen Ward,https://www.transfermarkt.co.uk/stephen-ward/profil/spieler/34691
Burnley FC,Danny Lafferty,https://www.transfermarkt.co.uk/danny-lafferty/profil/spieler/85928
Burnley FC,Jon Flanagan,https://www.transfermarkt.co.uk/jon-flanagan/profil/spieler/145922
Burnley FC,Matthew Lowton,https://www.transfermarkt.co.uk/matthew-lowton/profil/spieler/102258
Burnley FC,Tendayi Darikwa,https://www.transfermarkt.co.uk/tendayi-darikwa/profil/spieler/158700
Burnley FC,Brad Jackson,https://www.transfermarkt.co.uk/brad-jackson/profil/spieler/385920
Burnley FC,Steven Defour,https://www.transfermarkt.co.uk/steven-defour/profil/spieler/33866
Burnley FC,Ashley Westwood,https://www.transfermarkt.co.uk/ashley-westwood/profil/spieler/91317
Burnley FC,Aiden O'Neill,https://www.transfermarkt.co.uk/aiden-oneill/profil/spieler/385918
Burnley FC,Jeff Hendrick,https://www.transfermarkt.co.uk/jeff-hendrick/profil/spieler/148262
Burnley FC,Scott Arfield,https://www.transfermarkt.co.uk/scott-arfield/profil/spieler/55291
Burnley FC,David Jones,https://www.transfermarkt.co.uk/david-jones/profil/spieler/24634
Burnley FC,Dean Marney,https://www.transfermarkt.co.uk/dean-marney/profil/spieler/4055
Burnley FC,Joey Barton,https://www.transfermarkt.co.uk/joey-barton/profil/spieler/3292
Burnley FC,Robbie Brady,https://www.transfermarkt.co.uk/robbie-brady/profil/spieler/128229
Burnley FC,Fredrik Ulvestad,https://www.transfermarkt.co.uk/fredrik-ulvestad/profil/spieler/158022
Burnley FC,George Boyd,https://www.transfermarkt.co.uk/george-boyd/profil/spieler/45623
Burnley FC,Michael Kightly,https://www.transfermarkt.co.uk/michael-kightly/profil/spieler/25366
Burnley FC,Jóhann Berg Gudmundsson,https://www.transfermarkt.co.uk/johann-berg-gudmundsson/profil/spieler/89231
Burnley FC,Andre Gray,https://www.transfermarkt.co.uk/andre-gray/profil/spieler/120565
Burnley FC,Patrick Bamford,https://www.transfermarkt.co.uk/patrick-bamford/profil/spieler/183334
Burnley FC,Sam Vokes,https://www.transfermarkt.co.uk/sam-vokes/profil/spieler/48078
Burnley FC,Ashley Barnes,https://www.transfermarkt.co.uk/ashley-barnes/profil/spieler/63200
Burnley FC,Rouwen Hennings,https://www.transfermarkt.co.uk/rouwen-hennings/profil/spieler/16311
Burnley FC,Lukas Jutkiewicz,https://www.transfermarkt.co.uk/lukas-jutkiewicz/profil/spieler/33507
Burnley FC,Chris Long,https://www.transfermarkt.co.uk/chris-long/profil/spieler/183298
Burnley FC,Dan Agyei,https://www.transfermarkt.co.uk/dan-agyei/profil/spieler/367195
Burnley FC,Ntumba Massanka,https://www.transfermarkt.co.uk/ntumba-massanka/profil/spieler/385922
Crystal Palace,Steve Mandanda,https://www.transfermarkt.co.uk/steve-mandanda/profil/spieler/23951
Crystal Palace,Wayne Hennessey,https://www.transfermarkt.co.uk/wayne-hennessey/profil/spieler/45494
Crystal Palace,Julián Speroni,https://www.transfermarkt.co.uk/julian-speroni/profil/spieler/12814
Crystal Palace,Kleton Perntreou,https://www.transfermarkt.co.uk/kleton-perntreou/profil/spieler/295073
Crystal Palace,Mamadou Sakho,https://www.transfermarkt.co.uk/mamadou-sakho/profil/spieler/47713
Crystal Palace,James Tomkins,https://www.transfermarkt.co.uk/james-tomkins/profil/spieler/61592
Crystal Palace,Scott Dann,https://www.transfermarkt.co.uk/scott-dann/profil/spieler/62688
Crystal Palace,Damien Delaney,https://www.transfermarkt.co.uk/damien-delaney/profil/spieler/36861
Crystal Palace,Ryan Inniss,https://www.transfermarkt.co.uk/ryan-inniss/profil/spieler/183284
Crystal Palace,Luke Croll,https://www.transfermarkt.co.uk/luke-croll/profil/spieler/244309
Crystal Palace,Patrick van Aanholt,https://www.transfermarkt.co.uk/patrick-van-aanholt/profil/spieler/52119
Crystal Palace,Pape Souaré,https://www.transfermarkt.co.uk/pape-souare/profil/spieler/125868
Crystal Palace,Zeki Fryers,https://www.transfermarkt.co.uk/zeki-fryers/profil/spieler/141655
Crystal Palace,Joel Ward,https://www.transfermarkt.co.uk/joel-ward/profil/spieler/92572
Crystal Palace,Martin Kelly,https://www.transfermarkt.co.uk/martin-kelly/profil/spieler/78959
Crystal Palace,Ben Wynter,https://www.transfermarkt.co.uk/ben-wynter/profil/spieler/464738
Crystal Palace,Aaron Wan-Bissaka,https://www.transfermarkt.co.uk/aaron-wan-bissaka/profil/spieler/477758
Crystal Palace,Luka Milivojevic,https://www.transfermarkt.co.uk/luka-milivojevic/profil/spieler/74300
Crystal Palace,Mile Jedinak,https://www.transfermarkt.co.uk/mile-jedinak/profil/spieler/28336
Crystal Palace,Mathieu Flamini,https://www.transfermarkt.co.uk/mathieu-flamini/profil/spieler/17396
Crystal Palace,Michael Phillips,https://www.transfermarkt.co.uk/michael-phillips/profil/spieler/378629
Crystal Palace,Yohan Cabaye,https://www.transfermarkt.co.uk/yohan-cabaye/profil/spieler/29434
Crystal Palace,James McArthur,https://www.transfermarkt.co.uk/james-mcarthur/profil/spieler/41416
Crystal Palace,Jason Puncheon,https://www.transfermarkt.co.uk/jason-puncheon/profil/spieler/47995
Crystal Palace,Joe Ledley,https://www.transfermarkt.co.uk/joe-ledley/profil/spieler/34409
Crystal Palace,Jordon Mutch,https://www.transfermarkt.co.uk/jordon-mutch/profil/spieler/57207
Crystal Palace,Hiram Boateng,https://www.transfermarkt.co.uk/hiram-boateng/profil/spieler/244125
Crystal Palace,Noor Husin,https://www.transfermarkt.co.uk/noor-husin/profil/spieler/320220
Crystal Palace,Luke Dreher,https://www.transfermarkt.co.uk/luke-dreher/profil/spieler/432293
Crystal Palace,Jeffrey Schlupp,https://www.transfermarkt.co.uk/jeffrey-schlupp/profil/spieler/157506
Crystal Palace,Jonny Williams,https://www.transfermarkt.co.uk/jonny-williams/profil/spieler/170322
Crystal Palace,Yannick Bolasie,https://www.transfermarkt.co.uk/yannick-bolasie/profil/spieler/75471
Crystal Palace,Wilfried Zaha,https://www.transfermarkt.co.uk/wilfried-zaha/profil/spieler/145988
Crystal Palace,Bakary Sako,https://www.transfermarkt.co.uk/bakary-sako/profil/spieler/46791
Crystal Palace,Sullay Kaikai,https://www.transfermarkt.co.uk/sullay-kaikai/profil/spieler/244130
Crystal Palace,Keshi Anderson,https://www.transfermarkt.co.uk/keshi-anderson/profil/spieler/353674
Crystal Palace,Andros Townsend,https://www.transfermarkt.co.uk/andros-townsend/profil/spieler/61842
Crystal Palace,Chung-yong Lee,https://www.transfermarkt.co.uk/chung-yong-lee/profil/spieler/81801
Crystal Palace,Christian Benteke,https://www.transfermarkt.co.uk/christian-benteke/profil/spieler/50201
Crystal Palace,Loïc Rémy,https://www.transfermarkt.co.uk/loic-remy/profil/spieler/45121
Crystal Palace,Connor Wickham,https://www.transfermarkt.co.uk/connor-wickham/profil/spieler/95435
Crystal Palace,Fraizer Campbell,https://www.transfermarkt.co.uk/fraizer-campbell/profil/spieler/42411
Crystal Palace,Jonathan Benteke,https://www.transfermarkt.co.uk/jonathan-benteke/profil/spieler/273773
Crystal Palace,Kwesi Appiah,https://www.transfermarkt.co.uk/kwesi-appiah/profil/spieler/121223
Crystal Palace,Freddie Ladapo,https://www.transfermarkt.co.uk/freddie-ladapo/profil/spieler/233998
Watford FC,Costel Pantilimon,https://www.transfermarkt.co.uk/costel-pantilimon/profil/spieler/47659
Watford FC,Heurelho Gomes,https://www.transfermarkt.co.uk/heurelho-gomes/profil/spieler/19059
Watford FC,Giedrius Arlauskis,https://www.transfermarkt.co.uk/giedrius-arlauskis/profil/spieler/69001
Watford FC,Rene Gilmartin,https://www.transfermarkt.co.uk/rene-gilmartin/profil/spieler/66518
Watford FC,Christian Kabasele,https://www.transfermarkt.co.uk/christian-kabasele/profil/spieler/81512
Watford FC,Sebastian Prödl,https://www.transfermarkt.co.uk/sebastian-prodl/profil/spieler/37981
Watford FC,Craig Cathcart,https://www.transfermarkt.co.uk/craig-cathcart/profil/spieler/59606
Watford FC,Miguel Britos,https://www.transfermarkt.co.uk/miguel-britos/profil/spieler/76799
Watford FC,Younès Kaboul,https://www.transfermarkt.co.uk/younes-kaboul/profil/spieler/27114
Watford FC,Adrian Mariappa,https://www.transfermarkt.co.uk/adrian-mariappa/profil/spieler/38145
Watford FC,Tommie Hoban,https://www.transfermarkt.co.uk/tommie-hoban/profil/spieler/183161
Watford FC,Charlie Rowan,https://www.transfermarkt.co.uk/charlie-rowan/profil/spieler/479944
Watford FC,Jose Cholevas,https://www.transfermarkt.co.uk/jose-cholevas/profil/spieler/41112
Watford FC,Brandon Mason,https://www.transfermarkt.co.uk/brandon-mason/profil/spieler/479942
Watford FC,Daryl Janmaat,https://www.transfermarkt.co.uk/daryl-janmaat/profil/spieler/60744
Watford FC,Allan Nyom,https://www.transfermarkt.co.uk/allan-nyom/profil/spieler/111508
Watford FC,Andrew Eleftheriou,https://www.transfermarkt.co.uk/andrew-eleftheriou/profil/spieler/476532
Watford FC,Étienne Capoue,https://www.transfermarkt.co.uk/etienne-capoue/profil/spieler/63494
Watford FC,Mario Suárez,https://www.transfermarkt.co.uk/mario-suarez/profil/spieler/37337
Watford FC,Brice Dja Djedje,https://www.transfermarkt.co.uk/brice-dja-djedje/profil/spieler/93690
Watford FC,Valon Behrami,https://www.transfermarkt.co.uk/valon-behrami/profil/spieler/21905
Watford FC,Juan Carlos Paredes,https://www.transfermarkt.co.uk/juan-carlos-paredes/profil/spieler/100507
Watford FC,Adlène Guédioura,https://www.transfermarkt.co.uk/adlene-guedioura/profil/spieler/74768
Watford FC,Roberto Pereyra,https://www.transfermarkt.co.uk/roberto-pereyra/profil/spieler/112302
Watford FC,Tom Cleverley,https://www.transfermarkt.co.uk/tom-cleverley/profil/spieler/73484
Watford FC,Abdoulaye Doucouré,https://www.transfermarkt.co.uk/abdoulaye-doucoure/profil/spieler/127187
Watford FC,Sven Kums,https://www.transfermarkt.co.uk/sven-kums/profil/spieler/42735
Watford FC,Ben Watson,https://www.transfermarkt.co.uk/ben-watson/profil/spieler/14081
Watford FC,Carl Stewart,https://www.transfermarkt.co.uk/carl-stewart/profil/spieler/479945
Watford FC,Ikechi Anya,https://www.transfermarkt.co.uk/ikechi-anya/profil/spieler/107427
Watford FC,Camilo Zúñiga,https://www.transfermarkt.co.uk/camilo-zuniga/profil/spieler/37941
Watford FC,Kenedy,https://www.transfermarkt.co.uk/kenedy/profil/spieler/281404
Watford FC,Dion Pereira,https://www.transfermarkt.co.uk/dion-pereira/profil/spieler/499604
Watford FC,Steven Berghuis,https://www.transfermarkt.co.uk/steven-berghuis/profil/spieler/129554
Watford FC,Nordin Amrabat,https://www.transfermarkt.co.uk/nordin-amrabat/profil/spieler/55619
Watford FC,M'Baye Niang,https://www.transfermarkt.co.uk/mbaye-niang/profil/spieler/157501
Watford FC,Troy Deeney,https://www.transfermarkt.co.uk/troy-deeney/profil/spieler/65477
Watford FC,Odion Ighalo,https://www.transfermarkt.co.uk/odion-ighalo/profil/spieler/62121
Watford FC,Matej Vydra,https://www.transfermarkt.co.uk/matej-vydra/profil/spieler/101500
Watford FC,Stefano Okaka,https://www.transfermarkt.co.uk/stefano-okaka/profil/spieler/35249
Watford FC,Isaac Success,https://www.transfermarkt.co.uk/isaac-success/profil/spieler/295331
Watford FC,Obbi Oulare,https://www.transfermarkt.co.uk/obbi-oulare/profil/spieler/314959
Watford FC,Mauro Zárate,https://www.transfermarkt.co.uk/mauro-zarate/profil/spieler/26456
Watford FC,Jerome Sinclair,https://www.transfermarkt.co.uk/jerome-sinclair/profil/spieler/236513
Watford FC,Mathias Ranégie,https://www.transfermarkt.co.uk/mathias-ranegie/profil/spieler/46477
Watford FC,Michael Folivi,https://www.transfermarkt.co.uk/michael-folivi/profil/spieler/479939
Swansea City,Lukasz Fabianski,https://www.transfermarkt.co.uk/lukasz-fabianski/profil/spieler/29692
Swansea City,Kristoffer Nordfeldt,https://www.transfermarkt.co.uk/kristoffer-nordfeldt/profil/spieler/75890
Swansea City,Mark Birighitti,https://www.transfermarkt.co.uk/mark-birighitti/profil/spieler/80702
Swansea City,Gerhard Tremmel,https://www.transfermarkt.co.uk/gerhard-tremmel/profil/spieler/488
Swansea City,Federico Fernández,https://www.transfermarkt.co.uk/federico-fernandez/profil/spieler/85475
Swansea City,Alfie Mawson,https://www.transfermarkt.co.uk/alfie-mawson/profil/spieler/287431
Swansea City,Kyle Bartley,https://www.transfermarkt.co.uk/kyle-bartley/profil/spieler/67421
Swansea City,Jordi Amat,https://www.transfermarkt.co.uk/jordi-amat/profil/spieler/85289
Swansea City,Mike van der Hoorn,https://www.transfermarkt.co.uk/mike-van-der-hoorn/profil/spieler/187105
Swansea City,Neil Taylor,https://www.transfermarkt.co.uk/neil-taylor/profil/spieler/67416
Swansea City,Martin Olsson,https://www.transfermarkt.co.uk/martin-olsson/profil/spieler/38073
Swansea City,Franck Tabanou,https://www.transfermarkt.co.uk/franck-tabanou/profil/spieler/66413
Swansea City,Stephen Kingsley,https://www.transfermarkt.co.uk/stephen-kingsley/profil/spieler/184398
Swansea City,Kyle Naughton,https://www.transfermarkt.co.uk/kyle-naughton/profil/spieler/66219
Swansea City,Ángel Rangel,https://www.transfermarkt.co.uk/angel-rangel/profil/spieler/66550
Swansea City,Connor Roberts,https://www.transfermarkt.co.uk/connor-roberts/profil/spieler/214666
Swansea City,Leroy Fer,https://www.transfermarkt.co.uk/leroy-fer/profil/spieler/63342
Swansea City,Sung-yueng Ki,https://www.transfermarkt.co.uk/sung-yueng-ki/profil/spieler/81796
Swansea City,Jack Cork,https://www.transfermarkt.co.uk/jack-cork/profil/spieler/40613
Swansea City,Matt Grimes,https://www.transfermarkt.co.uk/matt-grimes/profil/spieler/265471
Swansea City,Tom Carroll,https://www.transfermarkt.co.uk/tom-carroll/profil/spieler/121279
Swansea City,Leon Britton,https://www.transfermarkt.co.uk/leon-britton/profil/spieler/40043
Swansea City,Jay Fulton,https://www.transfermarkt.co.uk/jay-fulton/profil/spieler/171260
Swansea City,Gylfi Sigurdsson,https://www.transfermarkt.co.uk/gylfi-sigurdsson/profil/spieler/90466
Swansea City,Jefferson Montero,https://www.transfermarkt.co.uk/jefferson-montero/profil/spieler/77932
Swansea City,Modou Barrow,https://www.transfermarkt.co.uk/modou-barrow/profil/spieler/189070
Swansea City,Wayne Routledge,https://www.transfermarkt.co.uk/wayne-routledge/profil/spieler/14066
Swansea City,Kenji Gorré,https://www.transfermarkt.co.uk/kenji-gorre/profil/spieler/374889
Swansea City,Jordan Ayew,https://www.transfermarkt.co.uk/jordan-ayew/profil/spieler/108354
Swansea City,Luciano Narsingh,https://www.transfermarkt.co.uk/luciano-narsingh/profil/spieler/72462
Swansea City,Nathan Dyer,https://www.transfermarkt.co.uk/nathan-dyer/profil/spieler/37011
Swansea City,Daniel James,https://www.transfermarkt.co.uk/daniel-james/profil/spieler/319301
Swansea City,Borja Bastón,https://www.transfermarkt.co.uk/borja-baston/profil/spieler/85324
Swansea City,Fernando Llorente,https://www.transfermarkt.co.uk/fernando-llorente/profil/spieler/35564
Swansea City,Bafétimbi Gomis,https://www.transfermarkt.co.uk/bafetimbi-gomis/profil/spieler/22388
Swansea City,Marvin Emnes,https://www.transfermarkt.co.uk/marvin-emnes/profil/spieler/37787
Swansea City,Oli McBurnie,https://www.transfermarkt.co.uk/oli-mcburnie/profil/spieler/298477
Middlesbrough FC,Víctor Valdés,https://www.transfermarkt.co.uk/victor-valdes/profil/spieler/7589
Middlesbrough FC,Brad Guzan,https://www.transfermarkt.co.uk/brad-guzan/profil/spieler/39471
Middlesbrough FC,Tomás Mejías,https://www.transfermarkt.co.uk/tomas-mejias/profil/spieler/62947
Middlesbrough FC,Connor Ripley,https://www.transfermarkt.co.uk/connor-ripley/profil/spieler/163531
Middlesbrough FC,Dimitrios Konstantopoulos,https://www.transfermarkt.co.uk/dimitrios-konstantopoulos/profil/spieler/50552
Middlesbrough FC,Calum Chambers,https://www.transfermarkt.co.uk/calum-chambers/profil/spieler/215118
Middlesbrough FC,Ben Gibson,https://www.transfermarkt.co.uk/ben-gibson/profil/spieler/128904
Middlesbrough FC,Bernardo Espinosa,https://www.transfermarkt.co.uk/bernardo-espinosa/profil/spieler/64598
Middlesbrough FC,Daniel Ayala,https://www.transfermarkt.co.uk/daniel-ayala/profil/spieler/78966
Middlesbrough FC,Alex Baptiste,https://www.transfermarkt.co.uk/alex-baptiste/profil/spieler/16660
Middlesbrough FC,Dael Fry,https://www.transfermarkt.co.uk/dael-fry/profil/spieler/314140
Middlesbrough FC,George Friend,https://www.transfermarkt.co.uk/george-friend/profil/spieler/77544
Middlesbrough FC,James Husband,https://www.transfermarkt.co.uk/james-husband/profil/spieler/167393
Middlesbrough FC,Antonio Barragán,https://www.transfermarkt.co.uk/antonio-barragan/profil/spieler/32522
Middlesbrough FC,Fábio,https://www.transfermarkt.co.uk/fabio/profil/spieler/61891
Middlesbrough FC,Marten de Roon,https://www.transfermarkt.co.uk/marten-de-roon/profil/spieler/133179
Middlesbrough FC,Julien De Sart,https://www.transfermarkt.co.uk/julien-de-sart/profil/spieler/129592
Middlesbrough FC,Adlène Guédioura,https://www.transfermarkt.co.uk/adlene-guedioura/profil/spieler/74768
Middlesbrough FC,Gastón Ramírez,https://www.transfermarkt.co.uk/gaston-ramirez/profil/spieler/123742
Middlesbrough FC,Adam Clayton,https://www.transfermarkt.co.uk/adam-clayton/profil/spieler/73067
Middlesbrough FC,Adam Forshaw,https://www.transfermarkt.co.uk/adam-forshaw/profil/spieler/121257
Middlesbrough FC,Grant Leadbitter,https://www.transfermarkt.co.uk/grant-leadbitter/profil/spieler/13796
Middlesbrough FC,Adam Reach,https://www.transfermarkt.co.uk/adam-reach/profil/spieler/163530
Middlesbrough FC,Stewart Downing,https://www.transfermarkt.co.uk/stewart-downing/profil/spieler/4063
Middlesbrough FC,Viktor Fischer,https://www.transfermarkt.co.uk/viktor-fischer/profil/spieler/95755
Middlesbrough FC,Carlos de Pena,https://www.transfermarkt.co.uk/carlos-de-pena/profil/spieler/257740
Middlesbrough FC,Adama Traoré,https://www.transfermarkt.co.uk/adama-traore/profil/spieler/204103
Middlesbrough FC,Albert Adomah,https://www.transfermarkt.co.uk/albert-adomah/profil/spieler/83430
Middlesbrough FC,Jordan Rhodes,https://www.transfermarkt.co.uk/jordan-rhodes/profil/spieler/48950
Middlesbrough FC,Álvaro Negredo,https://www.transfermarkt.co.uk/alvaro-negredo/profil/spieler/18644
Middlesbrough FC,Rudy Gestede,https://www.transfermarkt.co.uk/rudy-gestede/profil/spieler/39908
Middlesbrough FC,Patrick Bamford,https://www.transfermarkt.co.uk/patrick-bamford/profil/spieler/183334
Middlesbrough FC,Cristhian Stuani,https://www.transfermarkt.co.uk/cristhian-stuani/profil/spieler/59323
Middlesbrough FC,David Nugent,https://www.transfermarkt.co.uk/david-nugent/profil/spieler/33963
Middlesbrough FC,Emilio Nsue,https://www.transfermarkt.co.uk/emilio-nsue/profil/spieler/59558
West Bromwich Albion,Ben Foster,https://www.transfermarkt.co.uk/ben-foster/profil/spieler/13572
West Bromwich Albion,Boaz Myhill,https://www.transfermarkt.co.uk/boaz-myhill/profil/spieler/3838
West Bromwich Albion,Jack Rose,https://www.transfermarkt.co.uk/jack-rose/profil/spieler/186923
West Bromwich Albion,Alex Palmer,https://www.transfermarkt.co.uk/alex-palmer/profil/spieler/245625
West Bromwich Albion,Jonny Evans,https://www.transfermarkt.co.uk/jonny-evans/profil/spieler/42412
West Bromwich Albion,Craig Dawson,https://www.transfermarkt.co.uk/craig-dawson/profil/spieler/121477
West Bromwich Albion,Brendan Galloway,https://www.transfermarkt.co.uk/brendan-galloway/profil/spieler/208244
West Bromwich Albion,Marc Wilson,https://www.transfermarkt.co.uk/marc-wilson/profil/spieler/30456
West Bromwich Albion,Jonas Olsson,https://www.transfermarkt.co.uk/jonas-olsson/profil/spieler/25248
West Bromwich Albion,Gareth McAuley,https://www.transfermarkt.co.uk/gareth-mcauley/profil/spieler/40567
West Bromwich Albion,Sébastien Pocognoli,https://www.transfermarkt.co.uk/sebastien-pocognoli/profil/spieler/17804
West Bromwich Albion,Allan Nyom,https://www.transfermarkt.co.uk/allan-nyom/profil/spieler/111508
West Bromwich Albion,Kane Wilson,https://www.transfermarkt.co.uk/kane-wilson/profil/spieler/392774
West Bromwich Albion,Jake Livermore,https://www.transfermarkt.co.uk/jake-livermore/profil/spieler/61832
West Bromwich Albion,Claudio Yacob,https://www.transfermarkt.co.uk/claudio-yacob/profil/spieler/45330
West Bromwich Albion,Sam Field,https://www.transfermarkt.co.uk/sam-field/profil/spieler/387331
West Bromwich Albion,James Morrison,https://www.transfermarkt.co.uk/james-morrison/profil/spieler/27614
West Bromwich Albion,Chris Brunt,https://www.transfermarkt.co.uk/chris-brunt/profil/spieler/36814
West Bromwich Albion,Craig Gardner,https://www.transfermarkt.co.uk/craig-gardner/profil/spieler/37171
West Bromwich Albion,Darren Fletcher,https://www.transfermarkt.co.uk/darren-fletcher/profil/spieler/3547
West Bromwich Albion,Rekeem Harper,https://www.transfermarkt.co.uk/rekeem-harper/profil/spieler/456877
West Bromwich Albion,James McClean,https://www.transfermarkt.co.uk/james-mcclean/profil/spieler/85935
West Bromwich Albion,Nacer Chadli,https://www.transfermarkt.co.uk/nacer-chadli/profil/spieler/59631
West Bromwich Albion,Matt Phillips,https://www.transfermarkt.co.uk/matt-phillips/profil/spieler/77274
West Bromwich Albion,Callum McManaman,https://www.transfermarkt.co.uk/callum-mcmanaman/profil/spieler/61711
West Bromwich Albion,Jonathan Leko,https://www.transfermarkt.co.uk/jonathan-leko/profil/spieler/314266
West Bromwich Albion,Saido Berahino,https://www.transfermarkt.co.uk/saido-berahino/profil/spieler/128897
West Bromwich Albion,Salomón Rondón,https://www.transfermarkt.co.uk/salomon-rondon/profil/spieler/80197
West Bromwich Albion,Hal Robson-Kanu,https://www.transfermarkt.co.uk/hal-robson-kanu/profil/spieler/65976
West Bromwich Albion,Rickie Lambert,https://www.transfermarkt.co.uk/rickie-lambert/profil/spieler/49655
AFC Bournemouth,Artur Boruc,https://www.transfermarkt.co.uk/artur-boruc/profil/spieler/15220
AFC Bournemouth,Adam Federici,https://www.transfermarkt.co.uk/adam-federici/profil/spieler/4233
AFC Bournemouth,Aaron Ramsdale,https://www.transfermarkt.co.uk/aaron-ramsdale/profil/spieler/427568
AFC Bournemouth,Ryan Allsop,https://www.transfermarkt.co.uk/ryan-allsop/profil/spieler/111073
AFC Bournemouth,Jordan Holmes,https://www.transfermarkt.co.uk/jordan-holmes/profil/spieler/399158
AFC Bournemouth,Nathan Aké,https://www.transfermarkt.co.uk/nathan-ake/profil/spieler/177476
AFC Bournemouth,Steve Cook,https://www.transfermarkt.co.uk/steve-cook/profil/spieler/90836
AFC Bournemouth,Tyrone Mings,https://www.transfermarkt.co.uk/tyrone-mings/profil/spieler/253677
AFC Bournemouth,Marc Wilson,https://www.transfermarkt.co.uk/marc-wilson/profil/spieler/30456
AFC Bournemouth,Baily Cargill,https://www.transfermarkt.co.uk/baily-cargill/profil/spieler/293450
AFC Bournemouth,Jack Simpson,https://www.transfermarkt.co.uk/jack-simpson/profil/spieler/419930
AFC Bournemouth,Corey Jordan,https://www.transfermarkt.co.uk/corey-jordan/profil/spieler/435765
AFC Bournemouth,Charlie Daniels,https://www.transfermarkt.co.uk/charlie-daniels/profil/spieler/61819
AFC Bournemouth,Brad Smith,https://www.transfermarkt.co.uk/brad-smith/profil/spieler/175745
AFC Bournemouth,Rhoys Wiggins,https://www.transfermarkt.co.uk/rhoys-wiggins/profil/spieler/42298
AFC Bournemouth,Callum Buckley,https://www.transfermarkt.co.uk/callum-buckley/profil/spieler/398398
AFC Bournemouth,Ollie Harfield,https://www.transfermarkt.co.uk/ollie-harfield/profil/spieler/463694
AFC Bournemouth,Adam Smith,https://www.transfermarkt.co.uk/adam-smith/profil/spieler/61841
AFC Bournemouth,Simon Francis,https://www.transfermarkt.co.uk/simon-francis/profil/spieler/13573
AFC Bournemouth,Jordan Lee,https://www.transfermarkt.co.uk/jordan-lee/profil/spieler/416621
AFC Bournemouth,Jack Wilshere,https://www.transfermarkt.co.uk/jack-wilshere/profil/spieler/74223
AFC Bournemouth,Lewis Cook,https://www.transfermarkt.co.uk/lewis-cook/profil/spieler/249089
AFC Bournemouth,Dan Gosling,https://www.transfermarkt.co.uk/dan-gosling/profil/spieler/44983
AFC Bournemouth,Harry Arter,https://www.transfermarkt.co.uk/harry-arter/profil/spieler/55742
AFC Bournemouth,Andrew Surman,https://www.transfermarkt.co.uk/andrew-surman/profil/spieler/29975
AFC Bournemouth,Eunan O'Kane,https://www.transfermarkt.co.uk/eunan-okane/profil/spieler/61583
AFC Bournemouth,Emerson Hyndman,https://www.transfermarkt.co.uk/emerson-hyndman/profil/spieler/223047
AFC Bournemouth,Matt Worthington,https://www.transfermarkt.co.uk/matt-worthington/profil/spieler/493607
AFC Bournemouth,Keelan O'Connell,https://www.transfermarkt.co.uk/keelan-oconnell/profil/spieler/463695
AFC Bournemouth,Max Gradel,https://www.transfermarkt.co.uk/max-gradel/profil/spieler/28140
AFC Bournemouth,Ryan Fraser,https://www.transfermarkt.co.uk/ryan-fraser/profil/spieler/146795
AFC Bournemouth,Junior Stanislas,https://www.transfermarkt.co.uk/junior-stanislas/profil/spieler/87672
AFC Bournemouth,Marc Pugh,https://www.transfermarkt.co.uk/marc-pugh/profil/spieler/36939
AFC Bournemouth,Jordon Ibe,https://www.transfermarkt.co.uk/jordon-ibe/profil/spieler/195652
AFC Bournemouth,Benik Afobe,https://www.transfermarkt.co.uk/benik-afobe/profil/spieler/110858
AFC Bournemouth,Callum Wilson,https://www.transfermarkt.co.uk/callum-wilson/profil/spieler/123682
AFC Bournemouth,Joshua King,https://www.transfermarkt.co.uk/joshua-king/profil/spieler/91059
AFC Bournemouth,Lys Mousset,https://www.transfermarkt.co.uk/lys-mousset/profil/spieler/291422
AFC Bournemouth,Lewis Grabban,https://www.transfermarkt.co.uk/lewis-grabban/profil/spieler/35413
AFC Bournemouth,Harry Cornick,https://www.transfermarkt.co.uk/harry-cornick/profil/spieler/255703
AFC Bournemouth,Sam Surridge,https://www.transfermarkt.co.uk/sam-surridge/profil/spieler/398402
